Legajo,PUNTAJE PP,PUNTAJE SP
48129134,14.0,Ausente
44984377,Ausente,Ausente
46708522,Ausente,Ausente
47781594,92.0,79.0
40941451,Ausente,Ausente
44192101,31.0,7.0
42336909,Ausente,Ausente
48720038,64.2,41.0
47473404,96.5,92.0
200561127,Ausente,Ausente
45082384,Ausente,Ausente
31901364,21.9,19.0
47317385,27.9,5.0
46038190,3.0,0.0
46378322,Ausente,Ausente
47821376,Ausente,Ausente
43924580,Ausente,Ausente
46977513,93.0,85.0
41809528,Ausente,Ausente
49587293,5.0,3.0
46587347,Ausente,Ausente
46765316,Ausente,Ausente
39971355,Ausente,Ausente
39884240,Ausente,Ausente
48285900,91.0,83.0
45085808,Ausente,Ausente
36202021,Ausente,Ausente
48717774,91.4,100.0
46067483,10.0,10.0
43811724,Ausente,Ausente
48406679,74.0,96.0
47927497,9.0,Ausente
48407085,85.8,85.0
24721768,Ausente,Ausente
46537096,48.5,Ausente
47133180,Ausente,Ausente
47304768,58.7,39.5
45691393,Ausente,6.0
46486356,57.9,38.0
47581083,Ausente,Ausente
43475086,6.9,7.0
51287616,92.5,89.0
44471278,Ausente,Ausente
48754405,2.0,0.0
48598803,Ausente,Ausente
47290521,Ausente,Ausente
47909402,2.0,0.0
45376815,Ausente,Ausente
44578667,Ausente,Ausente
44762089,65.5,56.0
44762686,4.0,10.5
47823906,87.8,Ausente
46372790,45.0,21.0
45708030,53.0,61.0
47821153,82.0,70.0
46588376,2.0,6.0
36706338,Ausente,Ausente
45243377,10.0,Ausente
43142442,Ausente,Ausente
45691147,Ausente,Ausente
45346711,Ausente,Ausente
46661709,63.0,45.5
48123994,11.0,51.5
45316897,2.0,Ausente
46065271,Ausente,Ausente
42937638,Ausente,Ausente
46554092,Ausente,Ausente
95199551,47.5,6.0
43189140,Ausente,Ausente
39543874,Ausente,Ausente
46305053,Ausente,Ausente
37875401,Ausente,Ausente
48331174,Ausente,Ausente
48093196,Ausente,Ausente
41018183,Ausente,Ausente
46510287,Ausente,Ausente
30843893,Ausente,Ausente
43504459,Ausente,Ausente
46072469,Ausente,Ausente
44805764,64.4,57.0
45156074,12.0,Ausente
48603878,85.0,54.0
48068821,14.0,5.0
54022803,Ausente,Ausente
48452681,89.0,83.0
47316931,Ausente,Ausente
48124047,53.0,32.0
48190014,Ausente,Ausente
46453232,Ausente,Ausente
47486779,74.0,74.0
47474070,12.5,4.0
32794268,Ausente,Ausente
47464764,67.0,74.0
5567715,Ausente,Ausente
43997995,Ausente,Ausente
42387580,35.0,Ausente
46844506,71.0,56.0
47465301,77.0,67.0
46587983,Ausente,Ausente
29736665,Ausente,Ausente
46886225,81.0,61.0
46973082,Ausente,Ausente
47824751,40.0,1.0
47853076,3.0,Ausente
40933455,96.0,93.0
37809329,0.0,Ausente
27466561687,Ausente,Ausente
37618554,Ausente,Ausente
44195008,81.0,64.0
47989123,Ausente,Ausente
48603448,60.0,82.0
40740054,43.0,24.0
46847671,Ausente,Ausente
47173487,Ausente,Ausente
47982753,64.4,69.0
47713640,44.0,50.0
16484302,7.0,0.0
43144200,88.0,89.0
48328096,64.0,55.0
45109337,Ausente,Ausente
46884137,39.5,63.0
47002121,20.0,35.0
45835070,27.0,Ausente
44972559,78.2,74.0
46805115,65.5,73.0
47303383,Ausente,Ausente
31433575,Ausente,Ausente
95035179,Ausente,Ausente
51710855,29.0,57.0
38883658,Ausente,Ausente
44652738,3.0,Ausente
47778579,Ausente,
48391115,Ausente,
48128418,81.4,69.0
47252158,Ausente,Ausente
48726267,Ausente,Ausente
41735562,Ausente,Ausente
43809700,Ausente,Ausente
46311414,Ausente,Ausente
43368735,Ausente,Ausente
47820177,Ausente,Ausente
40825190,17.0,Ausente
45348705,Ausente,Ausente
47972046,60.0,69.0
48465512,Ausente,Ausente
42400249,21.0,28.0
46378012,Ausente,Ausente
36252182,62.0,67.0
46223205,15.0,0.0
47475285,40.0,ausente
47909420,84.5,73.0
48328878,34.0,ausente
46765629,4.5,ausente
48329191,56.8,22.5
48537239,Ausente,ausente
43368689,Ausente,ausente
44273494,Ausente,ausente
44578407,89.0,88.0
43951974,Ausente,ausente
46971960,Ausente,ausente
47578158,Ausente,ausente
45347442,Ausente,ausente
47907128,Ausente,ausente
47578229,Ausente,ausente
42081133,Ausente,ausente
48718264,Ausente,ausente
48455465,92.0,97.5
94608737,2.0,ausente
47360408,88.5,86.0
46373561,69.7,48.5
47710471,35.5,ausente
46767116,Ausente,ausente
47983827,69.5,83.0
47710838,53.5,21.0
45933860,Ausente,ausente
47362055,6.0,"4,5"
43997855,0.0,ausente
47365732,34.5,ausente
48965502,96.5,88.0
47909136,52.3,42.5
48599109,76.7,62.0
41683802,10.0,ausente
47665072,70.7,40.0
47664840,32.0,ausente
48324936,16.5,ausente
47305775,Ausente,ausente
48325543,25.0,10.0
45932934,Ausente,ausente
48531165,72.0,72.0
22698944,Ausente,ausente
46885455,62.5,69.5
47473309,53.5,11.0
48901620,6.0,ausente
46889612,100.0,100.0
47368943,77.5,67.5
44117300,Ausente,ausente
47577929,92.0,85.0
48456351,26.5,25.51
42787379,Ausente,ausente
46466281,23.0,ausente
45246828,Ausente,ausente
47173492,7.4,ausente
43132815,Ausente,ausente
40520571,Ausente,ausente
48125190,34.0,66.0
43477266,Ausente,ausente
46225728,Ausente,ausente
45936601,0.0,ausente
47474005,36.5,29.0
43232093,Ausente,ausente
20472648633,Ausente,ausente
19140667,Ausente,ausente
45596012,61.5,32.0
41642785,99.5,97.5
47821484,25.6,6.0
47911638,Ausente,ausente
42529002,Ausente,ausente
18176973,Ausente,ausente
47907457,33.5,7.0
48068998,Ausente,Ausente
47475231,Ausente,Ausente
43561327,Ausente,Ausente
48040833,Ausente,Ausente
27439259332,1.0,Ausente
44943714,Ausente,Ausente
48326214,Ausente,Ausente
45933834,Ausente,Ausente
48717744,Ausente,Ausente
46934698,57.0,59.0
44767381,60.0,51.5
46719418,Ausente,Ausente
46675302,16.0,Ausente
48416668,60.0,68.0
41590492,Ausente,Ausente
41590492,Ausente,Ausente
48726689,69.5,59.0
46973867,Ausente,2.0
47987417,71.0,98.0
45069438,Ausente,Ausente
46506890,Ausente,Ausente
43606637,83.0,81.0
46128013,19.5,10.5
47473890,Ausente,Ausente
47668586,40.0,22.0
44191898,Ausente,Ausente
46224468,30.0,5.0
47523427,45.5,68.0
41815372,80.0,59.5
46847041,24.0,69.0
46971766,58.5,28.0
46126061,6.0,17.0
44843773,Ausente,21.5
47174957,73.5,54.0
48125434,97.0,85.0
41962493,4.0,Ausente
44790573,41.0,Ausente
47928686,42.0,Ausente
48068720,63.3,73.0
47577507,73.0,83.0
47304764,2.5,0.0
48902279,85.0,87.0
29095052,Ausente,Ausente
44606297,61.0,36.5
47173558,27.5,Ausente
45154335,Ausente,Ausente
48185333,56.0,75.5
44291338,Ausente,Ausente
30549119,Ausente,Ausente
48397385,43.5,19.0
46847680,84.0,53.0
49198167,Ausente,Ausente
48319236,42.0,4.0
47850326,41.5,3.0
25699383,56.5,Ausente
47265621,45.3,34.0
47175205,Ausente,Ausente
47985705,Ausente,Ausente
48731415,Ausente,Ausente
47580968,12.5,2.0
48127689,Ausente,Ausente
41416452,82.5,76.0
44740196,Ausente,Ausente
48354522,76.8,71.0
46456075,Ausente,Ausente
48411972,51.0,24.0
41962862,Ausente,Ausente
46510811,0.0,0.0
42304213,Ausente,Ausente
48124193,55.0,40.0
45084603,Ausente,Ausente
46767186,Ausente,Ausente
44672959,Ausente,Ausente
46973853,Ausente,Ausente
33047207,Ausente,Ausente
43924988,Ausente,Ausente
199016481,Ausente,Ausente
43603379,Ausente,Ausente
46864914,23.0,17.0
47987732,20.0,25.0
34123024,65.5,56.0
48162569,65.5,70
47578454,55.0,46.0
47910495,Ausente,Ausente
47609305,11.0,15.0
48453220,12.0,12.0
46334461,24.0,12
47067126,62.0,64.0
44274469,Ausente,Ausente
46973862,72.0,53.0
46307621,5.0,6.0
45086340,Ausente,Ausente
48663302,33.0,30.0
40724848,86.0,79.0
44371094,11.0,0.0
44673472,Ausente,Ausente
46377935,17.0,Ausente
46851267,7.0,25
48212762,15.0,Ausente
43951539,Ausente,Ausente
46973890,0.0,Ausente
48677252,74.0,56.0
48320341,74.5,45.0
46949042,75.0,49.0
48162498,Ausente,Ausente
40685599,Ausente,Ausente
39024496,Ausente,Ausente
42679229,Ausente,Ausente
47226259,Ausente,Ausente
48070350,6.0,4.0
48253620,75.0,60.0
48124497,18.0,Ausente
48069793,95.0,97.0
42919031,56.5,68.0
48072793,Ausente,Ausente
44872136,Ausente,Ausente
36642994,Ausente,Ausente
48538275,Ausente,Ausente
40518131,Ausente,Ausente
41962068,77.0,64.0
40417858,38.0,11
41846310,Ausente,Ausente
47906622,96.0,95
45242432,43.0,13.0
44971283,40.0,51.0
47664609,27.5,13
46590900,6.0,Ausente
48599342,8.0,Ausente
48599342,Ausente,Ausente
46231930,10.0,Ausente
48099746,4.0,34
47429300,6.0,13
40682603,92.5,78.0
46175600,9.5,Ausente
48278435,Ausente,Ausente
46589843,78.0,67
40835381,Ausente,Ausente
48691467,74.5,80.0
41908393,80.0,57.0
41115855,Ausente,Ausente
96263984,Ausente,Ausente
45691876,Ausente,Ausente
45789431,Ausente,Ausente
47000191,Ausente,Ausente
45769941,Ausente,Ausente
29373833,Ausente,Ausente
43607218,Ausente,Ausente
44972499,Ausente,Ausente
43143799,92.0,96.0
200378973,Ausente,Ausente
46036675,Ausente,Ausente
42855623,Ausente,Ausente
47265975,59.0,26.0
44014373,22.0,Ausente
45933594,Ausente,Ausente
46451488,Ausente,Ausente
45408461,Ausente,Ausente
45835043,75.9,52.5
45241833,Ausente,Ausente
47475210,41.0,12.5
200479603,Ausente,Ausente
47002232,65.4,48.0
44975984,Ausente,Ausente
46130998,Ausente,Ausente
43785896,Ausente,Ausente
40521542,Ausente,Ausente
44720812,0.0,Ausente
46721929,2.0,5.0
46884570,23.0,6.0
47820108,76.3,89.5
48328385,10.8,0.0
40108480,Ausente,Ausente
48073534,24.7,27.5
47824738,Ausente,Ausente
46452700,26.4,Ausente
45697463,Ausente,Ausente
45486565,7.0,0.0
46973879,46.2,42.0
44195448,Ausente,Ausente
48017222,30.0,Ausente
47352022,Ausente,0.0
48069975,12.0,6.0
47911310,94.5,100.0
48070172,79.7,83.0
48819658,47.0,35.0
48124278,27.0,16.0
38417872,0.0,0.0
47713920,64.0,77.0
48124714,35.0,Ausente
47908753,Ausente,Ausente
32833075,Ausente,Ausente
35578529,Ausente,Ausente
48457733,60.6,38.5
38180368,74.2,80.0
46657272,58.2,31.0
47995836,Ausente,Ausente
46589078,Ausente,Ausente
44897793,Ausente,Ausente
38332629,Ausente,Ausente
46657021,24.5,17.0
41650305,79.8,63.5
49406144,86.3,90.0
46655482,16.5,Ausente
48338840,83.0,83.0
43759906,14.0,Ausente
45242560,Ausente,Ausente
38418255,Ausente,Ausente
20225070,25.0,Ausente
38645502,Ausente,Ausente
47174987,11.0,12.0
17114690,Ausente,Ausente
45108171,Ausente,Ausente
34094449,Ausente,Ausente
47930608,Ausente,Ausente
48956806,Ausente,Ausente
44500922,Ausente,Ausente
46256305,Ausente,Ausente
35567068,Ausente,Ausente
47320368,60.0,62.5
31868087,Ausente,Ausente
200077070,Ausente,Ausente
42384563,Ausente,Ausente
41519623,Ausente,Ausente
42437822,32.5,Ausente
43879814,Ausente,Ausente
47711575,Ausente,Ausente
47857956,Ausente,Ausente
47750490,Ausente,Ausente
39000525,Ausente,Ausente
35929758,Ausente,Ausente
48123576,Ausente,Ausente
48816085,9.5,0.0
47907407,Ausente,Ausente
43811967,9.5,Ausente
47591752,Ausente,Ausente
94334971,87.0,79.0
47001396,28.0,Ausente
43231662,Ausente,Ausente
47266459,Ausente,Ausente
47578442,32.0,Ausente
43525688,Ausente,Ausente
44767810,Ausente,Ausente
43369599,78.0,86.0
47474525,86.0,58.0
37195304,Ausente,Ausente
47597440,52.0,79.0
93796245,Ausente,Ausente
40109631,Ausente,Ausente
33751276,Ausente,Ausente
38000692,Ausente,Ausente
47819345,Ausente,Ausente
45695432,78.5,84.0
44148120,Ausente,Ausente
47821150,79.0,84.0
44359566,5.0,Ausente
47775875,Ausente,Ausente
47984802,13.0,Ausente
43834978,Ausente,Ausente
36234080,Ausente,Ausente
48243431,Ausente,Ausente
44872577,87.0,85.0
47708604,26.0,25.0
47777033,33.5,29.0
48901605,77.45,71.5
45932245,Ausente,Ausente
48330143,24.0,Ausente
48335667,65.0,65.0
40689530,Ausente,Ausente
48273848,25.5,10.0
44897211,Ausente,Ausente
48457180,85.5,95.0
48681531,94.0,99.0
48074589,Ausente,Ausente
33700828,Ausente,Ausente
96179653,0.0,0.5
47911742,33.5,29.5
47350926,Ausente,Ausente
200430068,69.0,63.0
41712932,47.0,34.0
48671701,Ausente,Ausente
48068066,Ausente,Ausente
38329809,80.5,95.0
38329809,Ausente,95.0
47578648,22.5,Ausente
48142527,86.5,95.0
48249883,16.0,Ausente
45704462,Ausente,Ausente
36269194,3.0,Ausente
46849719,94.0,100.0
45934085,Ausente,Ausente
47466838,Ausente,Ausente
38413379,Ausente,Ausente
43560344,Ausente,Ausente
40385245,Ausente,Ausente
44971703,Ausente,Ausente
45104996,Ausente,Ausente
42846156,Ausente,Ausente
45408490,Ausente,Ausente
48457151,Ausente,Ausente
43299127,Ausente,Ausente
43561571,Ausente,Ausente
42641154,Ausente,Ausente
27463745353,Ausente,Ausente
43998363,Ausente,Ausente
32002906,Ausente,Ausente
46847094,Ausente,Ausente
200174094,Ausente,Ausente
71154013,Ausente,Ausente
48663051,31.0,10.0
47174166,15.0,3.0
42051784,65.0,88.0
46718614,Ausente,Ausente
47674240,0.0,Ausente
47579191,61.0,60.0
47821253,84.0,83.0
48534766,45.0,56.0
47906837,77.0,66.0
48127282,Ausente,Ausente
38647743,56.0,38.0
23763112,Ausente,Ausente
46223489,6.0,4.0
47904326,5.0,Ausente
47170970,73.0,63.0
47729579,51.0,14.0
46707825,22.0,Ausente
46845662,Ausente,Ausente
45081091,90.5,84.0
38685326,Ausente,Ausente
46719553,94.0,87.0
46661671,56.0,37.0
48411307,21.0,21.0
43168582,47.0,Ausente
47303503,58.0,70.0
44762298,Ausente,Ausente
48488099,33.0,2.0
47352270,Ausente,Ausente
48189842,17.0,8.0
46657847,Ausente,Ausente
47831982,Ausente,Ausente
46224413,27.5,56.5
35571148,Ausente,Ausente
44896318,46.0,34.0
43879973,79.0,61.0
39395925,20.5,Ausente
43060491,76.0,47.0
47363696,94.0,92.0
46454585,0.0,Ausente
43272910,84.0,85.0
46536175,49.0,64.0
47501184,66.0,48.0
48070184,0.0,Ausente
43869773,24.0,14.0
47819053,51.0,34.0
46510760,Ausente,Ausente
42813984,0.0,2.0
47915689,Ausente,Ausente
47995733,67.0,29.0
47265933,2.0,Ausente
47002074,Ausente,Ausente
37731120,Ausente,Ausente
28900462,Ausente,Ausente
46076017,Ausente,Ausente
47583064,Ausente,Ausente
46447600,Ausente,Ausente
45699829,Ausente,Ausente
48689118,98.5,92.0
47002057,40.5,23.0
42446898,Ausente,Ausente
48128409,3.0,Ausente
47984451,Ausente,Ausente
47475139,Ausente,Ausente
45836972,88.3,100.0
44076125,68.5,85.0
32540963,Ausente,Ausente
46505841,55.5,64.0
46588455,23.0,2.0
31921611,Ausente,Ausente
46588185,82.2,88.0
48266044,79.0,Ausente
47319073,28.5,24.0
47577085,50.5,67.0
46767099,4.0,0.0
40984855,Ausente,Ausente
33046749,Ausente,Ausente
47711349,84.2,93.0
46035562,66.9,90.0
46885751,0.0,0.0
46845195,84.7,83.0
47906547,16.0,22.0
1724621899,2.5,6.0
32519626,Ausente,Ausente
42784938,Ausente,Ausente
46456557,44.5,40.5
95576112,Ausente,Ausente
47983153,68.5,55.0
47906101,Ausente,Ausente
48070051,35.0,22.0
43853952,Ausente,Ausente
47984878,80.5,74.0
47000382,19.5,6.0
47820060,Ausente,Ausente
46821387,69.0,26.0
46030658,Ausente,Ausente
47715716,3.5,5.0
47820733,48.8,27.0
46125529,67.5,32.5
46793987,11.5,Ausente
46125352,Ausente,Ausente
38003469,Ausente,Ausente
94877947,28.5,0.0
47985660,91.7,99.0
48500567,71.5,44.5
47820136,0.0,Ausente
45479740,86.5,81.5
200213396,Ausente,Ausente
94731113,25.5,11.0
44579769,Ausente,Ausente
44739421,Ausente,Ausente
46507375,Ausente,Ausente
34988769,Ausente,16.0
44827111,Ausente,Ausente
46469725,19.0,Ausente
39622625,Ausente,Ausente
47000519,4.0,1.0
44942929,Ausente,Ausente
47581774,41.6,29.0
45836051,81.0,96.0
33437867,Ausente,Ausente
40520362,Ausente,Ausente
44762040,73.5,96.0
47305935,Ausente,Ausente
42035686,Ausente,Ausente
47662092,Ausente,Ausente
37126753,Ausente,Ausente
48153606,94.0,87.0
46491088,Ausente,Ausente
47669755,Ausente,Ausente
46909491,82.0,94.0
43060863,76.0,96.0
47002151,7.0,9.0
45405154,Ausente,Ausente
46888530,76.0,94.0
48748766,14.0,15.5
48210784,Ausente,Ausente
48327597,Ausente,Ausente
4888239,Ausente,Ausente
44653269,22.0,Ausente
43926854,Ausente,Ausente
43926854,Ausente,Ausente
48073360,Ausente,Ausente
199951469,Ausente,Ausente
46972732,Ausente,Ausente
46972256,Ausente,Ausente
39934777,Ausente,Ausente
46972110,Ausente,Ausente
31115674,Ausente,Ausente
47321215,43.2,55.0
46587055,Ausente,Ausente
47982871,Ausente,40.0
47983890,9.4,Ausente
48599342,8.0,Ausente
48599342,Ausente,Ausente
48780423,Ausente,Ausente
48069961,Ausente,Ausente
40611885,48.0,32.0
46035484,Ausente,Ausente
46127036,14.0,9.0
48718949,Ausente,Ausente
39937662,Ausente,Ausente
43882093,Ausente,0.0
44672268,0.0,Ausente
48325768,21.0,Ausente
45561472,Ausente,Ausente
41001417,Ausente,8.0
41776222,Ausente,Ausente
40802654,82.0,88
47664504,Ausente,Ausente
47709025,Ausente,Ausente
42979619,88.0,84
47304891,91.0,78
47662292,62.0,92
47439347,Ausente,Ausente
20472501055,Ausente,Ausente
47284195,7.0,Ausente
42473784,Ausente,Ausente
39304882,71.0,65
48327255,90.0,87
42808592,Ausente,Ausente
47022915,23.0,Ausente
47938279,55.0,31
48601727,Ausente,Ausente
39073363,Ausente,Ausente
47173753,57.0,67
46221929,18.0,30
39446046,Ausente,Ausente
37411851,Ausente,Ausente
46307077,27.0,36
33450047,Ausente,Ausente
46450234,Ausente,Ausente
42969615,Ausente,Ausente
42801631,Ausente,Ausente
46373973,40.0,3.0
45499180,6.0,Ausente
41964152,Ausente,Ausente
48384910,19.0,5.0
43940269,Ausente,Ausente
198419306,Ausente,Ausente
46971356,Ausente,Ausente
96110027,Ausente,Ausente
46452340,Ausente,Ausente
19115022,Ausente,Ausente
42606518,Ausente,Ausente
47844732,Ausente,Ausente
44877587,Ausente,Ausente
30122634,Ausente,Ausente
45094135,Ausente,Ausente
48124878,Ausente,Ausente
43272937,Ausente,Ausente
47664657,Ausente,Ausente
47984937,Ausente,Ausente
47988518,Ausente,Ausente
22034363,62.5,76.0
47905386,Ausente,Ausente
47820648,Ausente,Ausente
45482810,Ausente,Ausente
48068481,Ausente,Ausente
47304981,Ausente,Ausente
43451760,Ausente,Ausente
46374912,Ausente,Ausente
44828893,87.0,81
47472266,83.0,87
43404379,13.0,43
47577636,61.5,75.0
41402340,27.0,29.0
44316860,38.5,40.0
47466288,61.0,6.0
45933263,3.0,6.0
48455787,4.5,Ausente
46884131,56.0,44.0
48271564,87.5,97.0
37476212,41.9,90.0
96294942,40.5,Ausente
12023600,Ausente,Ausente
42475040,41.5,11.0
42297983,Ausente,Ausente
47708222,54.0,50.5
47819173,Ausente,Ausente
47987961,82.0,81.0
46847261,0.0,2.0
48452170,Ausente,Ausente
43926854,Ausente,Ausente
43926854,Ausente,Ausente
34440086,Ausente,Ausente
45593268,76.0,81.0
46888482,34.5,9.0
45536607,Ausente,Ausente
44954191,Ausente,Ausente
95342463,Ausente,Ausente
38269080,Ausente,Ausente
46846460,Ausente,17.0
41965051,Ausente,Ausente
47473114,32.0,39.0
40573803,3.5,Ausente
46508531,17.9,Ausente
31931982,90.0,79.0
44657276,29.9,48.0
44577705,Ausente,Ausente
44921552,63.9,84.0
46372765,Ausente,Ausente
43497359,Ausente,Ausente
42071280,Ausente,Ausente
45690585,Ausente,Ausente
44767829,Ausente,Ausente
46198141,Ausente,Ausente
46707506,Ausente,Ausente
23794057,Ausente,Ausente
45325131,Ausente,Ausente
42160469,Ausente,Ausente
36139851,Ausente,Ausente
46691428,Ausente,Ausente
43811793,Ausente,Ausente
46530376,Ausente,Ausente
46221702,Ausente,Ausente
45971032,22.6,9.0
200274467,Ausente,Ausente
48068066,Ausente,Ausente
46031901,Ausente,Ausente
46034405,Ausente,Ausente
47369912,Ausente,Ausente
38339332,24.0,Ausente
47266177,Ausente,Ausente
45983401,Ausente,Ausente
32635636,Ausente,Ausente
41032850,Ausente,Ausente
50330656,30.9,Ausente
38986092,Ausente,Ausente
45242858,Ausente,Ausente
41042579,Ausente,Ausente
46850842,Ausente,Ausente
42109383,Ausente,Ausente
44673820,Ausente,Ausente
22796285,Ausente,Ausente
45594663,52.5,Ausente
46655801,18.0,42.0
39058403,Ausente,Ausente
47582242,Ausente,Ausente
42078819,24.4,Ausente
44688414,Ausente,Ausente
198661768,Ausente,Ausente
48742884,10.0,6.0
46489540,69.5,71.5
47578737,13.0,0.0
41962941,Ausente,Ausente
47263976,Ausente,Ausente
43156757,Ausente,Ausente
40525331,7.4,31.0
34070973,Ausente,Ausente
42303938,Ausente,Ausente
48455345,42.0,65.0
46766986,87.0,85.0
44851137,89.0,Ausente
48070371,Ausente,Ausente
38000836,Ausente,Ausente
46507766,22.5,Ausente
FW705148,Ausente,Ausente
46412217,Ausente,Ausente
45703499,6.4,Ausente
47000929,Ausente,Ausente
39620163,Ausente,Ausente
47722509,Ausente,Ausente
43927710,Ausente,Ausente
38502417,Ausente,Ausente
45692363,Ausente,Ausente
47662462,Ausente,Ausente
40246621,Ausente,Ausente
48278023,40.0,Ausente
45083761,Ausente,Ausente
43938772,Ausente,Ausente
44274864,Ausente,Ausente
48726919,Ausente,Ausente
38785510,Ausente,Ausente
46707687,Ausente,Ausente
44767908,Ausente,Ausente
47820280,Ausente,Ausente
42259296,Ausente,Ausente
48689159,Ausente,Ausente
33894249,Ausente,Ausente
45459367,Ausente,Ausente
47350897,Ausente,Ausente
94623168,Ausente,Ausente
47817403,0.0,20.0
47473373,17.5,11.0
46127371,Ausente,0.0
48600713,Ausente,8.0
48069704,5.0,2.0
38003269,Ausente,Ausente
48517552,73.0,60.5
46222024,Ausente,Ausente
47428857,19.0,Ausente
42053124,35.0,Ausente
36119321,Ausente,Ausente
21629735,Ausente,Ausente
39623794,Ausente,Ausente
45155256,Ausente,Ausente
47819380,29.0,0.0
24629690,32.0,0.0
32281558,21.0,8.0
200304026,Ausente,Ausente
42637570,Ausente,Ausente
37733720,40.0,37.0
46031650,Ausente,Ausente
37314910,54.0,52.0
47364874,81.0,88.0
42968347,77.0,72.5
45794072,Ausente,Ausente
41440528,64.0,60.5
48754567,Ausente,Ausente
42019905,Ausente,Ausente
36142354,43.0,Ausente
47266482,49.0,37.0
37828877,Ausente,Ausente
199705835,Ausente,Ausente
47983011,36.0,Ausente
43366772,Ausente,Ausente
42982152,Ausente,Ausente
42438748,Ausente,Ausente
46592199,Ausente,Ausente
39056741,Ausente,Ausente
45328379,Ausente,Ausente
45792245,Ausente,Ausente
94170911,Ausente,Ausente
46708135,Ausente,Ausente
48055386,Ausente,Ausente
32892731,Ausente,Ausente
47668096,Ausente,Ausente
47304648,Ausente,Ausente
46709997,Ausente,Ausente
48449629,Ausente,Ausente
47578338,Ausente,Ausente
43388940,Ausente,Ausente
31557411,Ausente,Ausente
47305342,Ausente,Ausente
47591360,Ausente,Ausente
46509758,Ausente,Ausente
48123527,48.0,40.0
47577732,Ausente,Ausente
29217120,Ausente,Ausente
46453803,Ausente,Ausente
43940297,Ausente,Ausente
47484082,Ausente,Ausente
46128926,Ausente,Ausente
48329797,Ausente,Ausente
46309754,11.0,Ausente
46884695,87.0,71.0
8411761,Ausente,Ausente
44719353,Ausente,Ausente
47953032,Ausente,Ausente
94740801,32.0,Ausente
48004124,47.0,2.0
41270396,Ausente,Ausente
43806734,Ausente,Ausente
29497468,Ausente,Ausente
48455041,82.0,66.0
48599366,Ausente,0.0
41408933,Ausente,Ausente
40249204,Ausente,Ausente
48070820,67.0,95.0
41736286,Ausente,Ausente
39888888,Ausente,Ausente
48330903,Ausente,Ausente
24193313,Ausente,Ausente
46452944,60.0,58.0
42052570,Ausente,Ausente
200108597,Ausente,Ausente
44970457,Ausente,Ausente
44828736,Ausente,Ausente
45350457,Ausente,Ausente
46708830,17.0,19.0
47837948,72.0,73.5
44475091,72.0,73.0
46452099,13.0,Ausente
46973883,41.0,33.0
41569917,Ausente,Ausente
45933183,Ausente,Ausente
47823669,Ausente,Ausente
47031764,Ausente,Ausente
45888626,Ausente,Ausente
47780072,Ausente,Ausente
43813623,Ausente,Ausente
44694317,Ausente,Ausente
47621159,89.0,97.0
32607006,76.0,95.0
43427794,Ausente,Ausente
44828781,Ausente,Ausente
44347670,Ausente,Ausente
48449627,Ausente,Ausente
199600890,29.0,Ausente
45933316,Ausente,Ausente
47578478,Ausente,Ausente
40274427,Ausente,Ausente
45690260,21.0,Ausente
47462960,Ausente,Ausente
55005892,Ausente,Ausente
45154395,Ausente,Ausente
39474512,Ausente,Ausente
44578407,89.0,Ausente
198444207,Ausente,Ausente
47428857,19.0,Ausente
46372550,Ausente,Ausente
47663310,Ausente,Ausente
